{
  "created": "2026-06-15",
  "features": [
    "rain_24hr",
    "rain_48hr",
    "rain_72hr",
    "rain_7day",
    "days_since_rain",
    "max_rain_3day",
    "month"
  ],
  "bav_threshold": 130,
  "split_year": 2014,
  "target_regressor": "log1p(enterococcus)",
  "target_classifier": "unsafe",
  "scale_pos_weight": 22.6337,
  "train_rows": 26777,
  "test_rows": 5843,
  "primary_model_for_app": "xgb_classifier",
  "metrics_test": {
    "xgb_regressor": {
      "rmse_log": 0.9426233775017767,
      "mae_log": 0.7403101229317818,
      "r2_log": -0.10545475576037844,
      "precision": 0.16666666666666666,
      "recall": 0.011904761904761904,
      "f1": 0.022222222222222223,
      "roc_auc": 0.6638387947643027,
      "pr_auc": 0.053172056167747485
    },
    "xgb_classifier": {
      "precision": 0.032160804020100506,
      "recall": 0.38095238095238093,
      "f1": 0.05931417979610751,
      "roc_auc": 0.6653633236590347,
      "pr_auc": 0.07221852520598622
    },
    "random_forest": {
      "precision": 0.040145985401459854,
      "recall": 0.2619047619047619,
      "f1": 0.06962025316455696,
      "roc_auc": 0.6629964279512812,
      "pr_auc": 0.04345046216671797
    }
  },
  "models": {
    "xgb_regressor": "models/xgb_regressor.json",
    "xgb_classifier": "models/xgb_classifier.json",
    "random_forest": "models/random_forest_classifier.joblib"
  }
}