{
  "created": "2026-06-25",
  "features": [
    "rain_24hr",
    "rain_48hr",
    "rain_72hr",
    "rain_7day",
    "days_since_rain",
    "max_rain_3day",
    "month_sin",
    "month_cos"
  ],
  "bav_threshold": 130,
  "split_year": 2014,
  "target_regressor": "log1p(enterococcus)",
  "target_classifier": "unsafe",
  "scale_pos_weight": 22.6337,
  "train_rows": 26777,
  "test_rows": 5843,
  "primary_model_for_app": "xgb_classifier",
  "metrics_test": {
    "xgb_regressor": {
      "rmse_log": 0.9479545236282586,
      "mae_log": 0.7421982486972827,
      "r2_log": -0.1179942414366939,
      "precision": 0.1111111111111111,
      "recall": 0.011904761904761904,
      "f1": 0.021505376344086023,
      "roc_auc": 0.6554885107368178,
      "pr_auc": 0.04162003581025049
    },
    "xgb_classifier": {
      "precision": 0.032955715756951595,
      "recall": 0.38095238095238093,
      "f1": 0.06066350710900474,
      "roc_auc": 0.6582564350623041,
      "pr_auc": 0.05541883560959823
    },
    "random_forest": {
      "precision": 0.04592901878914405,
      "recall": 0.2619047619047619,
      "f1": 0.07815275310834814,
      "roc_auc": 0.6614781005300192,
      "pr_auc": 0.040264426532363215
    }
  },
  "model_files": {
    "xgb_regressor": "xgb_regressor.json",
    "xgb_classifier": "xgb_classifier.json",
    "random_forest": "random_forest_classifier.joblib"
  }
}